N_max,P_mem,OITR,P_acc,P_pool,P_upsamp,P_yolo,BRAM_sys,DSP_sys,Latency_network
4,1,1,2,1,4,1,61,35,6765.862986
4,1,1,2,1,4,2,61,41,6765.862986
4,1,1,2,1,4,4,61,53,6765.862986
4,1,1,2,2,4,1,61,35,6764.997706
4,1,1,2,2,4,2,61,41,6764.997706
4,1,1,2,2,4,4,61,53,6764.997706
4,1,1,4,1,4,1,62,37,6765.862986
4,1,1,4,1,4,2,62,43,6765.862986
4,1,1,4,1,4,4,62,55,6765.862986
4,1,1,4,2,4,1,62,37,6764.997706
4,1,1,4,2,4,2,62,43,6764.997706
4,1,1,4,2,4,4,62,55,6764.997706
4,1,2,2,1,4,1,61,35,4302.345891
4,1,2,2,1,4,2,61,41,4302.345891
4,1,2,2,1,4,4,61,53,4302.345891
4,1,2,2,2,4,1,61,35,4301.480611
4,1,2,2,2,4,2,61,41,4301.480611
4,1,2,2,2,4,4,61,53,4301.480611
4,1,2,4,1,4,1,62,37,4302.345891
4,1,2,4,1,4,2,62,43,4302.345891
4,1,2,4,1,4,4,62,55,4302.345891
4,1,2,4,2,4,1,62,37,4301.480611
4,1,2,4,2,4,2,62,43,4301.480611
4,1,2,4,2,4,4,62,55,4301.480611
4,1,3,2,1,4,1,61,35,4302.345891
4,1,3,2,1,4,2,61,41,4302.345891
4,1,3,2,1,4,4,61,53,4302.345891
4,1,3,2,2,4,1,61,35,4301.480611
4,1,3,2,2,4,2,61,41,4301.480611
4,1,3,2,2,4,4,61,53,4301.480611
4,1,3,4,1,4,1,62,37,4302.345891
4,1,3,4,1,4,2,62,43,4302.345891
4,1,3,4,1,4,4,62,55,4302.345891
4,1,3,4,2,4,1,62,37,4301.480611
4,1,3,4,2,4,2,62,43,4301.480611
4,1,3,4,2,4,4,62,55,4301.480611
4,1,4,2,1,4,1,61,35,4226.327018
4,1,4,2,1,4,2,61,41,4226.327018
4,1,4,2,1,4,4,61,53,4226.327018
4,1,4,2,2,4,1,61,35,4225.461738
4,1,4,2,2,4,2,61,41,4225.461738
4,1,4,2,2,4,4,61,53,4225.461738
4,1,4,4,1,4,1,62,37,4226.327018
4,1,4,4,1,4,2,62,43,4226.327018
4,1,4,4,1,4,4,62,55,4226.327018
4,1,4,4,2,4,1,62,37,4225.461738
4,1,4,4,2,4,2,62,43,4225.461738
4,1,4,4,2,4,4,62,55,4225.461738
4,2,1,2,1,4,1,70,44,5701.733066
4,2,1,2,1,4,2,70,50,5701.733066
4,2,1,2,1,4,4,70,62,5701.733066
4,2,1,2,2,4,1,70,44,5700.867786
4,2,1,2,2,4,2,70,50,5700.867786
4,2,1,2,2,4,4,70,62,5700.867786
4,2,1,4,1,4,1,71,46,5701.733066
4,2,1,4,1,4,2,71,52,5701.733066
4,2,1,4,1,4,4,71,64,5701.733066
4,2,1,4,2,4,1,71,46,5700.867786
4,2,1,4,2,4,2,71,52,5700.867786
4,2,1,4,2,4,4,71,64,5700.867786
4,2,2,2,1,4,1,70,44,3623.234531
4,2,2,2,1,4,2,70,50,3623.234531
4,2,2,2,1,4,4,70,62,3623.234531
4,2,2,2,2,4,1,70,44,3622.369251
4,2,2,2,2,4,2,70,50,3622.369251
4,2,2,2,2,4,4,70,62,3622.369251
4,2,2,4,1,4,1,71,46,3623.234531
4,2,2,4,1,4,2,71,52,3623.234531
4,2,2,4,1,4,4,71,64,3623.234531
4,2,2,4,2,4,1,71,46,3622.369251
4,2,2,4,2,4,2,71,52,3622.369251
4,2,2,4,2,4,4,71,64,3622.369251
4,2,3,2,1,4,1,70,44,3623.234531
4,2,3,2,1,4,2,70,50,3623.234531
4,2,3,2,1,4,4,70,62,3623.234531
4,2,3,2,2,4,1,70,44,3622.369251
4,2,3,2,2,4,2,70,50,3622.369251
4,2,3,2,2,4,4,70,62,3622.369251
4,2,3,4,1,4,1,71,46,3623.234531
4,2,3,4,1,4,2,71,52,3623.234531
4,2,3,4,1,4,4,71,64,3623.234531
4,2,3,4,2,4,1,71,46,3622.369251
4,2,3,4,2,4,2,71,52,3622.369251
4,2,3,4,2,4,4,71,64,3622.369251
4,2,4,2,1,4,1,70,44,3561.227018
4,2,4,2,1,4,2,70,50,3561.227018
4,2,4,2,1,4,4,70,62,3561.227018
4,2,4,2,2,4,1,70,44,3560.361738
4,2,4,2,2,4,2,70,50,3560.361738
4,2,4,2,2,4,4,70,62,3560.361738
4,2,4,4,1,4,1,71,46,3561.227018
4,2,4,4,1,4,2,71,52,3561.227018
4,2,4,4,1,4,4,71,64,3561.227018
4,2,4,4,2,4,1,71,46,3560.361738
4,2,4,4,2,4,2,71,52,3560.361738
4,2,4,4,2,4,4,71,64,3560.361738
8,1,1,2,1,4,1,61,35,5213.297437
8,1,1,2,1,4,2,61,41,5213.297437
8,1,1,2,1,4,4,61,53,5213.297437
8,1,1,2,2,4,1,61,35,5212.432157
8,1,1,2,2,4,2,61,41,5212.432157
8,1,1,2,2,4,4,61,53,5212.432157
8,1,1,4,1,4,1,62,37,5213.297437
8,1,1,4,1,4,2,62,43,5213.297437
8,1,1,4,1,4,4,62,55,5213.297437
8,1,1,4,2,4,1,62,37,5212.432157
8,1,1,4,2,4,2,62,43,5212.432157
8,1,1,4,2,4,4,62,55,5212.432157
8,1,2,2,1,4,1,61,35,3319.266906
8,1,2,2,1,4,2,61,41,3319.266906
8,1,2,2,1,4,4,61,53,3319.266906
8,1,2,2,2,4,1,61,35,3318.401626
8,1,2,2,2,4,2,61,41,3318.401626
8,1,2,2,2,4,4,61,53,3318.401626
8,1,2,4,1,4,1,62,37,3319.266906
8,1,2,4,1,4,2,62,43,3319.266906
8,1,2,4,1,4,4,62,55,3319.266906
8,1,2,4,2,4,1,62,37,3318.401626
8,1,2,4,2,4,2,62,43,3318.401626
8,1,2,4,2,4,4,62,55,3318.401626
8,1,3,2,1,4,1,61,35,3319.266906
8,1,3,2,1,4,2,61,41,3319.266906
8,1,3,2,1,4,4,61,53,3319.266906
8,1,3,2,2,4,1,61,35,3318.401626
8,1,3,2,2,4,2,61,41,3318.401626
8,1,3,2,2,4,4,61,53,3318.401626
8,1,3,4,1,4,1,62,37,3319.266906
8,1,3,4,1,4,2,62,43,3319.266906
8,1,3,4,1,4,4,62,55,3319.266906
8,1,3,4,2,4,1,62,37,3318.401626
8,1,3,4,2,4,2,62,43,3318.401626
8,1,3,4,2,4,4,62,55,3318.401626
8,1,4,2,1,4,1,61,35,3260.728077
8,1,4,2,1,4,2,61,41,3260.728077
8,1,4,2,1,4,4,61,53,3260.728077
8,1,4,2,2,4,1,61,35,3259.862797
8,1,4,2,2,4,2,61,41,3259.862797
8,1,4,2,2,4,4,61,53,3259.862797
8,1,4,4,1,4,1,62,37,3260.728077
8,1,4,4,1,4,2,62,43,3260.728077
8,1,4,4,1,4,4,62,55,3260.728077
8,1,4,4,2,4,1,62,37,3259.862797
8,1,4,4,2,4,2,62,43,3259.862797
8,1,4,4,2,4,4,62,55,3259.862797
8,2,1,2,1,4,1,70,53,3085.037597
8,2,1,2,1,4,2,70,59,3085.037597
8,2,1,2,1,4,4,70,71,3085.037597
8,2,1,2,2,4,1,70,53,3084.172317
8,2,1,2,2,4,2,70,59,3084.172317
8,2,1,2,2,4,4,70,71,3084.172317
8,2,1,4,1,4,1,71,55,3085.037597
8,2,1,4,1,4,2,71,61,3085.037597
8,2,1,4,1,4,4,71,73,3085.037597
8,2,1,4,2,4,1,71,55,3084.172317
8,2,1,4,2,4,2,71,61,3084.172317
8,2,1,4,2,4,4,71,73,3084.172317
8,2,2,2,1,4,1,70,53,1961.044186
8,2,2,2,1,4,2,70,59,1961.044186
8,2,2,2,1,4,4,70,71,1961.044186
8,2,2,2,2,4,1,70,53,1960.178906
8,2,2,2,2,4,2,70,59,1960.178906
8,2,2,2,2,4,4,70,71,1960.178906
8,2,2,4,1,4,1,71,55,1961.044186
8,2,2,4,1,4,2,71,61,1961.044186
8,2,2,4,1,4,4,71,73,1961.044186
8,2,2,4,2,4,1,71,55,1960.178906
8,2,2,4,2,4,2,71,61,1960.178906
8,2,2,4,2,4,4,71,73,1960.178906
8,2,3,2,1,4,1,70,53,1961.044186
8,2,3,2,1,4,2,70,59,1961.044186
8,2,3,2,1,4,4,70,71,1961.044186
8,2,3,2,2,4,1,70,53,1960.178906
8,2,3,2,2,4,2,70,59,1960.178906
8,2,3,2,2,4,4,70,71,1960.178906
8,2,3,4,1,4,1,71,55,1961.044186
8,2,3,4,1,4,2,71,61,1961.044186
8,2,3,4,1,4,4,71,73,1961.044186
8,2,3,4,2,4,1,71,55,1960.178906
8,2,3,4,2,4,2,71,61,1960.178906
8,2,3,4,2,4,4,71,73,1960.178906
8,2,4,2,1,4,1,70,53,1930.528077
8,2,4,2,1,4,2,70,59,1930.528077
8,2,4,2,1,4,4,70,71,1930.528077
8,2,4,2,2,4,1,70,53,1929.662797
8,2,4,2,2,4,2,70,59,1929.662797
8,2,4,2,2,4,4,70,71,1929.662797
8,2,4,4,1,4,1,71,55,1930.528077
8,2,4,4,1,4,2,71,61,1930.528077
8,2,4,4,1,4,4,71,73,1930.528077
8,2,4,4,2,4,1,71,55,1929.662797
8,2,4,4,2,4,2,71,61,1929.662797
8,2,4,4,2,4,4,71,73,1929.662797
8,4,1,2,1,4,1,88,71,2552.972637
8,4,1,2,1,4,2,88,77,2552.972637
8,4,1,2,1,4,4,88,89,2552.972637
8,4,1,2,2,4,1,88,71,2552.107357
8,4,1,2,2,4,2,88,77,2552.107357
8,4,1,2,2,4,4,88,89,2552.107357
8,4,1,4,1,4,1,89,73,2552.972637
8,4,1,4,1,4,2,89,79,2552.972637
8,4,1,4,1,4,4,89,91,2552.972637
8,4,1,4,2,4,1,89,73,2552.107357
8,4,1,4,2,4,2,89,79,2552.107357
8,4,1,4,2,4,4,89,91,2552.107357
8,4,2,2,1,4,1,88,71,1621.488506
8,4,2,2,1,4,2,88,77,1621.488506
8,4,2,2,1,4,4,88,89,1621.488506
8,4,2,2,2,4,1,88,71,1620.623226
8,4,2,2,2,4,2,88,77,1620.623226
8,4,2,2,2,4,4,88,89,1620.623226
8,4,2,4,1,4,1,89,73,1621.488506
8,4,2,4,1,4,2,89,79,1621.488506
8,4,2,4,1,4,4,89,91,1621.488506
8,4,2,4,2,4,1,89,73,1620.623226
8,4,2,4,2,4,2,89,79,1620.623226
8,4,2,4,2,4,4,89,91,1620.623226
8,4,3,2,1,4,1,88,71,1621.488506
8,4,3,2,1,4,2,88,77,1621.488506
8,4,3,2,1,4,4,88,89,1621.488506
8,4,3,2,2,4,1,88,71,1620.623226
8,4,3,2,2,4,2,88,77,1620.623226
8,4,3,2,2,4,4,88,89,1620.623226
8,4,3,4,1,4,1,89,73,1621.488506
8,4,3,4,1,4,2,89,79,1621.488506
8,4,3,4,1,4,4,89,91,1621.488506
8,4,3,4,2,4,1,89,73,1620.623226
8,4,3,4,2,4,2,89,79,1620.623226
8,4,3,4,2,4,4,89,91,1620.623226
8,4,4,2,1,4,1,88,71,1597.978077
8,4,4,2,1,4,2,88,77,1597.978077
8,4,4,2,1,4,4,88,89,1597.978077
8,4,4,2,2,4,1,88,71,1597.112797
8,4,4,2,2,4,2,88,77,1597.112797
8,4,4,2,2,4,4,88,89,1597.112797
8,4,4,4,1,4,1,89,73,1597.978077
8,4,4,4,1,4,2,89,79,1597.978077
8,4,4,4,1,4,4,89,91,1597.978077
8,4,4,4,2,4,1,89,73,1597.112797
8,4,4,4,2,4,2,89,79,1597.112797
8,4,4,4,2,4,4,89,91,1597.112797
16,1,1,2,1,4,1,81,35,4674.317662
16,1,1,2,1,4,2,81,41,4674.317662
16,1,1,2,1,4,4,81,53,4674.317662
16,1,1,2,2,4,1,81,35,4673.452382
16,1,1,2,2,4,2,81,41,4673.452382
16,1,1,2,2,4,4,81,53,4673.452382
16,1,1,4,1,4,1,82,37,4674.317662
16,1,1,4,1,4,2,82,43,4674.317662
16,1,1,4,1,4,4,82,55,4674.317662
16,1,1,4,2,4,1,82,37,4673.452382
16,1,1,4,2,4,2,82,43,4673.452382
16,1,1,4,2,4,4,82,55,4673.452382
16,1,2,2,1,4,1,81,35,2984.963432
16,1,2,2,1,4,2,81,41,2984.963432
16,1,2,2,1,4,4,81,53,2984.963432
16,1,2,2,2,4,1,81,35,2984.098152
16,1,2,2,2,4,2,81,41,2984.098152
16,1,2,2,2,4,4,81,53,2984.098152
16,1,2,4,1,4,1,82,37,2984.963432
16,1,2,4,1,4,2,82,43,2984.963432
16,1,2,4,1,4,4,82,55,2984.963432
16,1,2,4,2,4,1,82,37,2984.098152
16,1,2,4,2,4,2,82,43,2984.098152
16,1,2,4,2,4,4,82,55,2984.098152
16,1,3,2,1,4,1,81,35,2984.963432
16,1,3,2,1,4,2,81,41,2984.963432
16,1,3,2,1,4,4,81,53,2984.963432
16,1,3,2,2,4,1,81,35,2984.098152
16,1,3,2,2,4,2,81,41,2984.098152
16,1,3,2,2,4,4,81,53,2984.098152
16,1,3,4,1,4,1,82,37,2984.963432
16,1,3,4,1,4,2,82,43,2984.963432
16,1,3,4,1,4,4,82,55,2984.963432
16,1,3,4,2,4,1,82,37,2984.098152
16,1,3,4,2,4,2,82,43,2984.098152
16,1,3,4,2,4,4,82,55,2984.098152
16,1,4,2,1,4,1,81,35,2927.670606
16,1,4,2,1,4,2,81,41,2927.670606
16,1,4,2,1,4,4,81,53,2927.670606
16,1,4,2,2,4,1,81,35,2926.805326
16,1,4,2,2,4,2,81,41,2926.805326
16,1,4,2,2,4,4,81,53,2926.805326
16,1,4,4,1,4,1,82,37,2927.670606
16,1,4,4,1,4,2,82,43,2927.670606
16,1,4,4,1,4,4,82,55,2927.670606
16,1,4,4,2,4,1,82,37,2926.805326
16,1,4,4,2,4,2,82,43,2926.805326
16,1,4,4,2,4,4,82,55,2926.805326
16,2,1,2,1,4,1,90,53,2546.057822
16,2,1,2,1,4,2,90,59,2546.057822
16,2,1,2,1,4,4,90,71,2546.057822
16,2,1,2,2,4,1,90,53,2545.192542
16,2,1,2,2,4,2,90,59,2545.192542
16,2,1,2,2,4,4,90,71,2545.192542
16,2,1,4,1,4,1,91,55,2546.057822
16,2,1,4,1,4,2,91,61,2546.057822
16,2,1,4,1,4,4,91,73,2546.057822
16,2,1,4,2,4,1,91,55,2545.192542
16,2,1,4,2,4,2,91,61,2545.192542
16,2,1,4,2,4,4,91,73,2545.192542
16,2,2,2,1,4,1,90,53,1626.740712
16,2,2,2,1,4,2,90,59,1626.740712
16,2,2,2,1,4,4,90,71,1626.740712
16,2,2,2,2,4,1,90,53,1625.875432
16,2,2,2,2,4,2,90,59,1625.875432
16,2,2,2,2,4,4,90,71,1625.875432
16,2,2,4,1,4,1,91,55,1626.740712
16,2,2,4,1,4,2,91,61,1626.740712
16,2,2,4,1,4,4,91,73,1626.740712
16,2,2,4,2,4,1,91,55,1625.875432
16,2,2,4,2,4,2,91,61,1625.875432
16,2,2,4,2,4,4,91,73,1625.875432
16,2,3,2,1,4,1,90,53,1626.740712
16,2,3,2,1,4,2,90,59,1626.740712
16,2,3,2,1,4,4,90,71,1626.740712
16,2,3,2,2,4,1,90,53,1625.875432
16,2,3,2,2,4,2,90,59,1625.875432
16,2,3,2,2,4,4,90,71,1625.875432
16,2,3,4,1,4,1,91,55,1626.740712
16,2,3,4,1,4,2,91,61,1626.740712
16,2,3,4,1,4,4,91,73,1626.740712
16,2,3,4,2,4,1,91,55,1625.875432
16,2,3,4,2,4,2,91,61,1625.875432
16,2,3,4,2,4,4,91,73,1625.875432
16,2,4,2,1,4,1,90,53,1597.470606
16,2,4,2,1,4,2,90,59,1597.470606
16,2,4,2,1,4,4,90,71,1597.470606
16,2,4,2,2,4,1,90,53,1596.605326
16,2,4,2,2,4,2,90,59,1596.605326
16,2,4,2,2,4,4,90,71,1596.605326
16,2,4,4,1,4,1,91,55,1597.470606
16,2,4,4,1,4,2,91,61,1597.470606
16,2,4,4,1,4,4,91,73,1597.470606
16,2,4,4,2,4,1,91,55,1596.605326
16,2,4,4,2,4,2,91,61,1596.605326
16,2,4,4,2,4,4,91,73,1596.605326
16,4,1,2,1,4,1,108,89,1481.927902
16,4,1,2,1,4,2,108,95,1481.927902
16,4,1,2,1,4,4,108,107,1481.927902
16,4,1,2,2,4,1,108,89,1481.062622
16,4,1,2,2,4,2,108,95,1481.062622
16,4,1,2,2,4,4,108,107,1481.062622
16,4,1,4,1,4,1,109,91,1481.927902
16,4,1,4,1,4,2,109,97,1481.927902
16,4,1,4,1,4,4,109,109,1481.927902
16,4,1,4,2,4,1,109,91,1481.062622
16,4,1,4,2,4,2,109,97,1481.062622
16,4,1,4,2,4,4,109,109,1481.062622
16,4,2,2,1,4,1,108,89,947.629352
16,4,2,2,1,4,2,108,95,947.629352
16,4,2,2,1,4,4,108,107,947.629352
16,4,2,2,2,4,1,108,89,946.764072
16,4,2,2,2,4,2,108,95,946.764072
16,4,2,2,2,4,4,108,107,946.764072
16,4,2,4,1,4,1,109,91,947.629352
16,4,2,4,1,4,2,109,97,947.629352
16,4,2,4,1,4,4,109,109,947.629352
16,4,2,4,2,4,1,109,91,946.764072
16,4,2,4,2,4,2,109,97,946.764072
16,4,2,4,2,4,4,109,109,946.764072
16,4,3,2,1,4,1,108,89,947.629352
16,4,3,2,1,4,2,108,95,947.629352
16,4,3,2,1,4,4,108,107,947.629352
16,4,3,2,2,4,1,108,89,946.764072
16,4,3,2,2,4,2,108,95,946.764072
16,4,3,2,2,4,4,108,107,946.764072
16,4,3,4,1,4,1,109,91,947.629352
16,4,3,4,1,4,2,109,97,947.629352
16,4,3,4,1,4,4,109,109,947.629352
16,4,3,4,2,4,1,109,91,946.764072
16,4,3,4,2,4,2,109,97,946.764072
16,4,3,4,2,4,4,109,109,946.764072
16,4,4,2,1,4,1,108,89,932.370606
16,4,4,2,1,4,2,108,95,932.370606
16,4,4,2,1,4,4,108,107,932.370606
16,4,4,2,2,4,1,108,89,931.505326
16,4,4,2,2,4,2,108,95,931.505326
16,4,4,2,2,4,4,108,107,931.505326
16,4,4,4,1,4,1,109,91,932.370606
16,4,4,4,1,4,2,109,97,932.370606
16,4,4,4,1,4,4,109,109,932.370606
16,4,4,4,2,4,1,109,91,931.505326
16,4,4,4,2,4,2,109,97,931.505326
16,4,4,4,2,4,4,109,109,931.505326
16,8,1,2,1,4,1,144,116,1215.895422
16,8,1,2,1,4,2,144,122,1215.895422
16,8,1,2,1,4,4,144,134,1215.895422
16,8,1,2,2,4,1,144,116,1215.030142
16,8,1,2,2,4,2,144,122,1215.030142
16,8,1,2,2,4,4,144,134,1215.030142
16,8,1,4,1,4,1,145,118,1215.895422
16,8,1,4,1,4,2,145,124,1215.895422
16,8,1,4,1,4,4,145,136,1215.895422
16,8,1,4,2,4,1,145,118,1215.030142
16,8,1,4,2,4,2,145,124,1215.030142
16,8,1,4,2,4,4,145,136,1215.030142
16,8,2,2,1,4,1,144,116,777.851512
16,8,2,2,1,4,2,144,122,777.851512
16,8,2,2,1,4,4,144,134,777.851512
16,8,2,2,2,4,1,144,116,776.986232
16,8,2,2,2,4,2,144,122,776.986232
16,8,2,2,2,4,4,144,134,776.986232
16,8,2,4,1,4,1,145,118,777.851512
16,8,2,4,1,4,2,145,124,777.851512
16,8,2,4,1,4,4,145,136,777.851512
16,8,2,4,2,4,1,145,118,776.986232
16,8,2,4,2,4,2,145,124,776.986232
16,8,2,4,2,4,4,145,136,776.986232
16,8,3,2,1,4,1,144,116,777.851512
16,8,3,2,1,4,2,144,122,777.851512
16,8,3,2,1,4,4,144,134,777.851512
16,8,3,2,2,4,1,144,116,776.986232
16,8,3,2,2,4,2,144,122,776.986232
16,8,3,2,2,4,4,144,134,776.986232
16,8,3,4,1,4,1,145,118,777.851512
16,8,3,4,1,4,2,145,124,777.851512
16,8,3,4,1,4,4,145,136,777.851512
16,8,3,4,2,4,1,145,118,776.986232
16,8,3,4,2,4,2,145,124,776.986232
16,8,3,4,2,4,4,145,136,776.986232
16,8,4,2,1,4,1,144,116,766.095606
16,8,4,2,1,4,2,144,122,766.095606
16,8,4,2,1,4,4,144,134,766.095606
16,8,4,2,2,4,1,144,116,765.230326
16,8,4,2,2,4,2,144,122,765.230326
16,8,4,2,2,4,4,144,134,765.230326
16,8,4,4,1,4,1,145,118,766.095606
16,8,4,4,1,4,2,145,124,766.095606
16,8,4,4,1,4,4,145,136,766.095606
16,8,4,4,2,4,1,145,118,765.230326
16,8,4,4,2,4,2,145,124,765.230326
16,8,4,4,2,4,4,145,136,765.230326
32,1,1,2,1,4,1,121,35,4698.310061
32,1,1,2,1,4,2,121,41,4698.310061
32,1,1,2,1,4,4,121,53,4698.310061
32,1,1,2,2,4,1,121,35,4697.444781
32,1,1,2,2,4,2,121,41,4697.444781
32,1,1,2,2,4,4,121,53,4697.444781
32,1,1,4,1,4,1,122,37,4698.310061
32,1,1,4,1,4,2,122,43,4698.310061
32,1,1,4,1,4,4,122,55,4698.310061
32,1,1,4,2,4,1,122,37,4697.444781
32,1,1,4,2,4,2,122,43,4697.444781
32,1,1,4,2,4,4,122,55,4697.444781
32,1,2,2,1,4,1,121,35,2972.331088
32,1,2,2,1,4,2,121,41,2972.331088
32,1,2,2,1,4,4,121,53,2972.331088
32,1,2,2,2,4,1,121,35,2971.465808
32,1,2,2,2,4,2,121,41,2971.465808
32,1,2,2,2,4,4,121,53,2971.465808
32,1,2,4,1,4,1,122,37,2972.331088
32,1,2,4,1,4,2,122,43,2972.331088
32,1,2,4,1,4,4,122,55,2972.331088
32,1,2,4,2,4,1,122,37,2971.465808
32,1,2,4,2,4,2,122,43,2971.465808
32,1,2,4,2,4,4,122,55,2971.465808
32,1,3,2,1,4,1,121,35,2972.331088
32,1,3,2,1,4,2,121,41,2972.331088
32,1,3,2,1,4,4,121,53,2972.331088
32,1,3,2,2,4,1,121,35,2971.465808
32,1,3,2,2,4,2,121,41,2971.465808
32,1,3,2,2,4,4,121,53,2971.465808
32,1,3,4,1,4,1,122,37,2972.331088
32,1,3,4,1,4,2,122,43,2972.331088
32,1,3,4,1,4,4,122,55,2972.331088
32,1,3,4,2,4,1,122,37,2971.465808
32,1,3,4,2,4,2,122,43,2971.465808
32,1,3,4,2,4,4,122,55,2971.465808
32,1,4,2,1,4,1,121,35,2858.992822
32,1,4,2,1,4,2,121,41,2858.992822
32,1,4,2,1,4,4,121,53,2858.992822
32,1,4,2,2,4,1,121,35,2858.127542
32,1,4,2,2,4,2,121,41,2858.127542
32,1,4,2,2,4,4,121,53,2858.127542
32,1,4,4,1,4,1,122,37,2858.992822
32,1,4,4,1,4,2,122,43,2858.992822
32,1,4,4,1,4,4,122,55,2858.992822
32,1,4,4,2,4,1,122,37,2858.127542
32,1,4,4,2,4,2,122,43,2858.127542
32,1,4,4,2,4,4,122,55,2858.127542
32,2,1,2,1,4,1,130,53,2457.959341
32,2,1,2,1,4,2,130,59,2457.959341
32,2,1,2,1,4,4,130,71,2457.959341
32,2,1,2,2,4,1,130,53,2457.094061
32,2,1,2,2,4,2,130,59,2457.094061
32,2,1,2,2,4,4,130,71,2457.094061
32,2,1,4,1,4,1,131,55,2457.959341
32,2,1,4,1,4,2,131,61,2457.959341
32,2,1,4,1,4,4,131,73,2457.959341
32,2,1,4,2,4,1,131,55,2457.094061
32,2,1,4,2,4,2,131,61,2457.094061
32,2,1,4,2,4,4,131,73,2457.094061
32,2,2,2,1,4,1,130,53,1558.062928
32,2,2,2,1,4,2,130,59,1558.062928
32,2,2,2,1,4,4,130,71,1558.062928
32,2,2,2,2,4,1,130,53,1557.197648
32,2,2,2,2,4,2,130,59,1557.197648
32,2,2,2,2,4,4,130,71,1557.197648
32,2,2,4,1,4,1,131,55,1558.062928
32,2,2,4,1,4,2,131,61,1558.062928
32,2,2,4,1,4,4,131,73,1558.062928
32,2,2,4,2,4,1,131,55,1557.197648
32,2,2,4,2,4,2,131,61,1557.197648
32,2,2,4,2,4,4,131,73,1557.197648
32,2,3,2,1,4,1,130,53,1558.062928
32,2,3,2,1,4,2,130,59,1558.062928
32,2,3,2,1,4,4,130,71,1558.062928
32,2,3,2,2,4,1,130,53,1557.197648
32,2,3,2,2,4,2,130,59,1557.197648
32,2,3,2,2,4,4,130,71,1557.197648
32,2,3,4,1,4,1,131,55,1558.062928
32,2,3,4,1,4,2,131,61,1558.062928
32,2,3,4,1,4,4,131,73,1558.062928
32,2,3,4,2,4,1,131,55,1557.197648
32,2,3,4,2,4,2,131,61,1557.197648
32,2,3,4,2,4,4,131,73,1557.197648
32,2,4,2,1,4,1,130,53,1500.770102
32,2,4,2,1,4,2,130,59,1500.770102
32,2,4,2,1,4,4,130,71,1500.770102
32,2,4,2,2,4,1,130,53,1499.904822
32,2,4,2,2,4,2,130,59,1499.904822
32,2,4,2,2,4,4,130,71,1499.904822
32,2,4,4,1,4,1,131,55,1500.770102
32,2,4,4,1,4,2,131,61,1500.770102
32,2,4,4,1,4,4,131,73,1500.770102
32,2,4,4,2,4,1,131,55,1499.904822
32,2,4,4,2,4,2,131,61,1499.904822
32,2,4,4,2,4,4,131,73,1499.904822
32,4,1,2,1,4,1,148,89,1337.783981
32,4,1,2,1,4,2,148,95,1337.783981
32,4,1,2,1,4,4,148,107,1337.783981
32,4,1,2,2,4,1,148,89,1336.918701
32,4,1,2,2,4,2,148,95,1336.918701
32,4,1,2,2,4,4,148,107,1336.918701
32,4,1,4,1,4,1,149,91,1337.783981
32,4,1,4,1,4,2,149,97,1337.783981
32,4,1,4,1,4,4,149,109,1337.783981
32,4,1,4,2,4,1,149,91,1336.918701
32,4,1,4,2,4,2,149,97,1336.918701
32,4,1,4,2,4,4,149,109,1336.918701
32,4,2,2,1,4,1,148,89,850.928848
32,4,2,2,1,4,2,148,95,850.928848
32,4,2,2,1,4,4,148,107,850.928848
32,4,2,2,2,4,1,148,89,850.063568
32,4,2,2,2,4,2,148,95,850.063568
32,4,2,2,2,4,4,148,107,850.063568
32,4,2,4,1,4,1,149,91,850.928848
32,4,2,4,1,4,2,149,97,850.928848
32,4,2,4,1,4,4,149,109,850.928848
32,4,2,4,2,4,1,149,91,850.063568
32,4,2,4,2,4,2,149,97,850.063568
32,4,2,4,2,4,4,149,109,850.063568
32,4,3,2,1,4,1,148,89,850.928848
32,4,3,2,1,4,2,148,95,850.928848
32,4,3,2,1,4,4,148,107,850.928848
32,4,3,2,2,4,1,148,89,850.063568
32,4,3,2,2,4,2,148,95,850.063568
32,4,3,2,2,4,4,148,107,850.063568
32,4,3,4,1,4,1,149,91,850.928848
32,4,3,4,1,4,2,149,97,850.928848
32,4,3,4,1,4,4,149,109,850.928848
32,4,3,4,2,4,1,149,91,850.063568
32,4,3,4,2,4,2,149,97,850.063568
32,4,3,4,2,4,4,149,109,850.063568
32,4,4,2,1,4,1,148,89,821.658742
32,4,4,2,1,4,2,148,95,821.658742
32,4,4,2,1,4,4,148,107,821.658742
32,4,4,2,2,4,1,148,89,820.793462
32,4,4,2,2,4,2,148,95,820.793462
32,4,4,2,2,4,4,148,107,820.793462
32,4,4,4,1,4,1,149,91,821.658742
32,4,4,4,1,4,2,149,97,821.658742
32,4,4,4,1,4,4,149,109,821.658742
32,4,4,4,2,4,1,149,91,820.793462
32,4,4,4,2,4,2,149,97,820.793462
32,4,4,4,2,4,4,149,109,820.793462
32,8,1,2,1,4,1,184,161,777.696301
32,8,1,2,1,4,2,184,167,777.696301
32,8,1,2,1,4,4,184,179,777.696301
32,8,1,2,2,4,1,184,161,776.831021
32,8,1,2,2,4,2,184,167,776.831021
32,8,1,2,2,4,4,184,179,776.831021
32,8,1,4,1,4,1,185,163,777.696301
32,8,1,4,1,4,2,185,169,777.696301
32,8,1,4,1,4,4,185,181,777.696301
32,8,1,4,2,4,1,185,163,776.831021
32,8,1,4,2,4,2,185,169,776.831021
32,8,1,4,2,4,4,185,181,776.831021
32,8,2,2,1,4,1,184,161,497.361808
32,8,2,2,1,4,2,184,167,497.361808
32,8,2,2,1,4,4,184,179,497.361808
32,8,2,2,2,4,1,184,161,496.496528
32,8,2,2,2,4,2,184,167,496.496528
32,8,2,2,2,4,4,184,179,496.496528
32,8,2,4,1,4,1,185,163,497.361808
32,8,2,4,1,4,2,185,169,497.361808
32,8,2,4,1,4,4,185,181,497.361808
32,8,2,4,2,4,1,185,163,496.496528
32,8,2,4,2,4,2,185,169,496.496528
32,8,2,4,2,4,4,185,181,496.496528
32,8,3,2,1,4,1,184,161,497.361808
32,8,3,2,1,4,2,184,167,497.361808
32,8,3,2,1,4,4,184,179,497.361808
32,8,3,2,2,4,1,184,161,496.496528
32,8,3,2,2,4,2,184,167,496.496528
32,8,3,2,2,4,4,184,179,496.496528
32,8,3,4,1,4,1,185,163,497.361808
32,8,3,4,1,4,2,185,169,497.361808
32,8,3,4,1,4,4,185,181,497.361808
32,8,3,4,2,4,1,185,163,496.496528
32,8,3,4,2,4,2,185,169,496.496528
32,8,3,4,2,4,4,185,181,496.496528
32,8,4,2,1,4,1,184,161,482.103062
32,8,4,2,1,4,2,184,167,482.103062
32,8,4,2,1,4,4,184,179,482.103062
32,8,4,2,2,4,1,184,161,481.237782
32,8,4,2,2,4,2,184,167,481.237782
32,8,4,2,2,4,4,184,179,481.237782
32,8,4,4,1,4,1,185,163,482.103062
32,8,4,4,1,4,2,185,169,482.103062
32,8,4,4,1,4,4,185,181,482.103062
32,8,4,4,2,4,1,185,163,481.237782
32,8,4,4,2,4,2,185,169,481.237782
32,8,4,4,2,4,4,185,181,481.237782
32,16,1,2,1,4,1,256,215,637.674381
32,16,1,2,1,4,2,256,221,637.674381
32,16,1,2,1,4,4,256,233,637.674381
32,16,1,2,2,4,1,256,215,636.809101
32,16,1,2,2,4,2,256,221,636.809101
32,16,1,2,2,4,4,256,233,636.809101
32,16,1,4,1,4,1,257,217,637.674381
32,16,1,4,1,4,2,257,223,637.674381
32,16,1,4,1,4,4,257,235,637.674381
32,16,1,4,2,4,1,257,217,636.809101
32,16,1,4,2,4,2,257,223,636.809101
32,16,1,4,2,4,4,257,235,636.809101
32,16,2,2,1,4,1,256,215,408.970048
32,16,2,2,1,4,2,256,221,408.970048
32,16,2,2,1,4,4,256,233,408.970048
32,16,2,2,2,4,1,256,215,408.104768
32,16,2,2,2,4,2,256,221,408.104768
32,16,2,2,2,4,4,256,233,408.104768
32,16,2,4,1,4,1,257,217,408.970048
32,16,2,4,1,4,2,257,223,408.970048
32,16,2,4,1,4,4,257,235,408.970048
32,16,2,4,2,4,1,257,217,408.104768
32,16,2,4,2,4,2,257,223,408.104768
32,16,2,4,2,4,4,257,235,408.104768
32,16,3,2,1,4,1,256,215,408.970048
32,16,3,2,1,4,2,256,221,408.970048
32,16,3,2,1,4,4,256,233,408.970048
32,16,3,2,2,4,1,256,215,408.104768
32,16,3,2,2,4,2,256,221,408.104768
32,16,3,2,2,4,4,256,233,408.104768
32,16,3,4,1,4,1,257,217,408.970048
32,16,3,4,1,4,2,257,223,408.970048
32,16,3,4,1,4,4,257,235,408.970048
32,16,3,4,2,4,1,257,217,408.104768
32,16,3,4,2,4,2,257,223,408.104768
32,16,3,4,2,4,4,257,235,408.104768
32,16,4,2,1,4,1,256,215,397.214142
32,16,4,2,1,4,2,256,221,397.214142
32,16,4,2,1,4,4,256,233,397.214142
32,16,4,2,2,4,1,256,215,396.348862
32,16,4,2,2,4,2,256,221,396.348862
32,16,4,2,2,4,4,256,233,396.348862
32,16,4,4,1,4,1,257,217,397.214142
32,16,4,4,1,4,2,257,223,397.214142
32,16,4,4,1,4,4,257,235,397.214142
32,16,4,4,2,4,1,257,217,396.348862
32,16,4,4,2,4,2,257,223,396.348862
32,16,4,4,2,4,4,257,235,396.348862
64,1,1,2,1,4,1,228,35,5293.266613
64,1,1,2,1,4,2,228,41,5293.266613
64,1,1,2,1,4,4,228,53,5293.266613
64,1,1,2,2,4,1,228,35,5292.401333
64,1,1,2,2,4,2,228,41,5292.401333
64,1,1,2,2,4,4,228,53,5292.401333
64,1,1,4,1,4,1,229,37,5293.266613
64,1,1,4,1,4,2,229,43,5293.266613
64,1,1,4,1,4,4,229,55,5293.266613
64,1,1,4,2,4,1,229,37,5292.401333
64,1,1,4,2,4,2,229,43,5292.401333
64,1,1,4,2,4,4,229,55,5292.401333
64,1,2,2,1,4,1,228,35,3259.441342
64,1,2,2,1,4,2,228,41,3259.441342
64,1,2,2,1,4,4,228,53,3259.441342
64,1,2,2,2,4,1,228,35,3258.576062
64,1,2,2,2,4,2,228,41,3258.576062
64,1,2,2,2,4,4,228,53,3258.576062
64,1,2,4,1,4,1,229,37,3259.441342
64,1,2,4,1,4,2,229,43,3259.441342
64,1,2,4,1,4,4,229,55,3259.441342
64,1,2,4,2,4,1,229,37,3258.576062
64,1,2,4,2,4,2,229,43,3258.576062
64,1,2,4,2,4,4,229,55,3258.576062
64,1,3,2,1,4,1,228,35,3259.441342
64,1,3,2,1,4,2,228,41,3259.441342
64,1,3,2,1,4,4,228,53,3259.441342
64,1,3,2,2,4,1,228,35,3258.576062
64,1,3,2,2,4,2,228,41,3258.576062
64,1,3,2,2,4,4,228,53,3258.576062
64,1,3,4,1,4,1,229,37,3259.441342
64,1,3,4,1,4,2,229,43,3259.441342
64,1,3,4,1,4,4,229,55,3259.441342
64,1,3,4,2,4,1,229,37,3258.576062
64,1,3,4,2,4,2,229,43,3258.576062
64,1,3,4,2,4,4,229,55,3258.576062
64,1,4,2,1,4,1,228,35,3034.012197
64,1,4,2,1,4,2,228,41,3034.012197
64,1,4,2,1,4,4,228,53,3034.012197
64,1,4,2,2,4,1,228,35,3033.146917
64,1,4,2,2,4,2,228,41,3033.146917
64,1,4,2,2,4,4,228,53,3033.146917
64,1,4,4,1,4,1,229,37,3034.012197
64,1,4,4,1,4,2,229,43,3034.012197
64,1,4,4,1,4,4,229,55,3034.012197
64,1,4,4,2,4,1,229,37,3033.146917
64,1,4,4,2,4,2,229,43,3033.146917
64,1,4,4,2,4,4,229,55,3033.146917
64,2,1,2,1,4,1,228,53,2715.300533
64,2,1,2,1,4,2,228,59,2715.300533
64,2,1,2,1,4,4,228,71,2715.300533
64,2,1,2,2,4,1,228,53,2714.435253
64,2,1,2,2,4,2,228,59,2714.435253
64,2,1,2,2,4,4,228,71,2714.435253
64,2,1,4,1,4,1,229,55,2715.300533
64,2,1,4,1,4,2,229,61,2715.300533
64,2,1,4,1,4,4,229,73,2715.300533
64,2,1,4,2,4,1,229,55,2714.435253
64,2,1,4,2,4,2,229,61,2714.435253
64,2,1,4,2,4,4,229,73,2714.435253
64,2,2,2,1,4,1,228,53,1676.365502
64,2,2,2,1,4,2,228,59,1676.365502
64,2,2,2,1,4,4,228,71,1676.365502
64,2,2,2,2,4,1,228,53,1675.500222
64,2,2,2,2,4,2,228,59,1675.500222
64,2,2,2,2,4,4,228,71,1675.500222
64,2,2,4,1,4,1,229,55,1676.365502
64,2,2,4,1,4,2,229,61,1676.365502
64,2,2,4,1,4,4,229,73,1676.365502
64,2,2,4,2,4,1,229,55,1675.500222
64,2,2,4,2,4,2,229,61,1675.500222
64,2,2,4,2,4,4,229,73,1675.500222
64,2,3,2,1,4,1,228,53,1676.365502
64,2,3,2,1,4,2,228,59,1676.365502
64,2,3,2,1,4,4,228,71,1676.365502
64,2,3,2,2,4,1,228,53,1675.500222
64,2,3,2,2,4,2,228,59,1675.500222
64,2,3,2,2,4,4,228,71,1675.500222
64,2,3,4,1,4,1,229,55,1676.365502
64,2,3,4,1,4,2,229,61,1676.365502
64,2,3,4,1,4,4,229,73,1676.365502
64,2,3,4,2,4,1,229,55,1675.500222
64,2,3,4,2,4,2,229,61,1675.500222
64,2,3,4,2,4,4,229,73,1675.500222
64,2,4,2,1,4,1,228,53,1563.027237
64,2,4,2,1,4,2,228,59,1563.027237
64,2,4,2,1,4,4,228,71,1563.027237
64,2,4,2,2,4,1,228,53,1562.161957
64,2,4,2,2,4,2,228,59,1562.161957
64,2,4,2,2,4,4,228,71,1562.161957
64,2,4,4,1,4,1,229,55,1563.027237
64,2,4,4,1,4,2,229,61,1563.027237
64,2,4,4,1,4,4,229,73,1563.027237
64,2,4,4,2,4,1,229,55,1562.161957
64,2,4,4,2,4,2,229,61,1562.161957
64,2,4,4,2,4,4,229,73,1562.161957
64,4,1,2,1,4,1,228,89,1426.317493
64,4,1,2,1,4,2,228,95,1426.317493
64,4,1,2,1,4,4,228,107,1426.317493
64,4,1,2,2,4,1,228,89,1425.452213
64,4,1,2,2,4,2,228,95,1425.452213
64,4,1,2,2,4,4,228,107,1425.452213
64,4,1,4,1,4,1,229,91,1426.317493
64,4,1,4,1,4,2,229,97,1426.317493
64,4,1,4,1,4,4,229,109,1426.317493
64,4,1,4,2,4,1,229,91,1425.452213
64,4,1,4,2,4,2,229,97,1425.452213
64,4,1,4,2,4,4,229,109,1425.452213
64,4,2,2,1,4,1,228,89,884.827582
64,4,2,2,1,4,2,228,95,884.827582
64,4,2,2,1,4,4,228,107,884.827582
64,4,2,2,2,4,1,228,89,883.962302
64,4,2,2,2,4,2,228,95,883.962302
64,4,2,2,2,4,4,228,107,883.962302
64,4,2,4,1,4,1,229,91,884.827582
64,4,2,4,1,4,2,229,97,884.827582
64,4,2,4,1,4,4,229,109,884.827582
64,4,2,4,2,4,1,229,91,883.962302
64,4,2,4,2,4,2,229,97,883.962302
64,4,2,4,2,4,4,229,109,883.962302
64,4,3,2,1,4,1,228,89,884.827582
64,4,3,2,1,4,2,228,95,884.827582
64,4,3,2,1,4,4,228,107,884.827582
64,4,3,2,2,4,1,228,89,883.962302
64,4,3,2,2,4,2,228,95,883.962302
64,4,3,2,2,4,4,228,107,883.962302
64,4,3,4,1,4,1,229,91,884.827582
64,4,3,4,1,4,2,229,97,884.827582
64,4,3,4,1,4,4,229,109,884.827582
64,4,3,4,2,4,1,229,91,883.962302
64,4,3,4,2,4,2,229,97,883.962302
64,4,3,4,2,4,4,229,109,883.962302
64,4,4,2,1,4,1,228,89,827.534757
64,4,4,2,1,4,2,228,95,827.534757
64,4,4,2,1,4,4,228,107,827.534757
64,4,4,2,2,4,1,228,89,826.669477
64,4,4,2,2,4,2,228,95,826.669477
64,4,4,2,2,4,4,228,107,826.669477
64,4,4,4,1,4,1,229,91,827.534757
64,4,4,4,1,4,2,229,97,827.534757
64,4,4,4,1,4,4,229,109,827.534757
64,4,4,4,2,4,1,229,91,826.669477
64,4,4,4,2,4,2,229,97,826.669477
64,4,4,4,2,4,4,229,109,826.669477
64,8,1,2,1,4,1,264,161,781.825973
64,8,1,2,1,4,2,264,167,781.825973
64,8,1,2,1,4,4,264,179,781.825973
64,8,1,2,2,4,1,264,161,780.960693
64,8,1,2,2,4,2,264,167,780.960693
64,8,1,2,2,4,4,264,179,780.960693
64,8,1,4,1,4,1,265,163,781.825973
64,8,1,4,1,4,2,265,169,781.825973
64,8,1,4,1,4,4,265,181,781.825973
64,8,1,4,2,4,1,265,163,780.960693
64,8,1,4,2,4,2,265,169,780.960693
64,8,1,4,2,4,4,265,181,780.960693
64,8,2,2,1,4,1,264,161,489.058622
64,8,2,2,1,4,2,264,167,489.058622
64,8,2,2,1,4,4,264,179,489.058622
64,8,2,2,2,4,1,264,161,488.193342
64,8,2,2,2,4,2,264,167,488.193342
64,8,2,2,2,4,4,264,179,488.193342
64,8,2,4,1,4,1,265,163,489.058622
64,8,2,4,1,4,2,265,169,489.058622
64,8,2,4,1,4,4,265,181,489.058622
64,8,2,4,2,4,1,265,163,488.193342
64,8,2,4,2,4,2,265,169,488.193342
64,8,2,4,2,4,4,265,181,488.193342
64,8,3,2,1,4,1,264,161,489.058622
64,8,3,2,1,4,2,264,167,489.058622
64,8,3,2,1,4,4,264,179,489.058622
64,8,3,2,2,4,1,264,161,488.193342
64,8,3,2,2,4,2,264,167,488.193342
64,8,3,2,2,4,4,264,179,488.193342
64,8,3,4,1,4,1,265,163,489.058622
64,8,3,4,1,4,2,265,169,489.058622
64,8,3,4,1,4,4,265,181,489.058622
64,8,3,4,2,4,1,265,163,488.193342
64,8,3,4,2,4,2,265,169,488.193342
64,8,3,4,2,4,4,265,181,488.193342
64,8,4,2,1,4,1,264,161,459.788517
64,8,4,2,1,4,2,264,167,459.788517
64,8,4,2,1,4,4,264,179,459.788517
64,8,4,2,2,4,1,264,161,458.923237
64,8,4,2,2,4,2,264,167,458.923237
64,8,4,2,2,4,4,264,179,458.923237
64,8,4,4,1,4,1,265,163,459.788517
64,8,4,4,1,4,2,265,169,459.788517
64,8,4,4,1,4,4,265,181,459.788517
64,8,4,4,2,4,1,265,163,458.923237
64,8,4,4,2,4,2,265,169,458.923237
64,8,4,4,2,4,4,265,181,458.923237
64,16,1,2,1,4,1,336,305,459.580213
64,16,1,2,1,4,2,336,311,459.580213
64,16,1,2,1,4,4,336,323,459.580213
64,16,1,2,2,4,1,336,305,458.714933
64,16,1,2,2,4,2,336,311,458.714933
64,16,1,2,2,4,4,336,323,458.714933
64,16,1,4,1,4,1,337,307,459.580213
64,16,1,4,1,4,2,337,313,459.580213
64,16,1,4,1,4,4,337,325,459.580213
64,16,1,4,2,4,1,337,307,458.714933
64,16,1,4,2,4,2,337,313,458.714933
64,16,1,4,2,4,4,337,325,458.714933
64,16,2,2,1,4,1,336,305,291.174142
64,16,2,2,1,4,2,336,311,291.174142
64,16,2,2,1,4,4,336,323,291.174142
64,16,2,2,2,4,1,336,305,290.308862
64,16,2,2,2,4,2,336,311,290.308862
64,16,2,2,2,4,4,336,323,290.308862
64,16,2,4,1,4,1,337,307,291.174142
64,16,2,4,1,4,2,337,313,291.174142
64,16,2,4,1,4,4,337,325,291.174142
64,16,2,4,2,4,1,337,307,290.308862
64,16,2,4,2,4,2,337,313,290.308862
64,16,2,4,2,4,4,337,325,290.308862
64,16,3,2,1,4,1,336,305,291.174142
64,16,3,2,1,4,2,336,311,291.174142
64,16,3,2,1,4,4,336,323,291.174142
64,16,3,2,2,4,1,336,305,290.308862
64,16,3,2,2,4,2,336,311,290.308862
64,16,3,2,2,4,4,336,323,290.308862
64,16,3,4,1,4,1,337,307,291.174142
64,16,3,4,1,4,2,337,313,291.174142
64,16,3,4,1,4,4,337,325,291.174142
64,16,3,4,2,4,1,337,307,290.308862
64,16,3,4,2,4,2,337,313,290.308862
64,16,3,4,2,4,4,337,325,290.308862
64,16,4,2,1,4,1,336,305,275.915397
64,16,4,2,1,4,2,336,311,275.915397
64,16,4,2,1,4,4,336,323,275.915397
64,16,4,2,2,4,1,336,305,275.050117
64,16,4,2,2,4,2,336,311,275.050117
64,16,4,2,2,4,4,336,323,275.050117
64,16,4,4,1,4,1,337,307,275.915397
64,16,4,4,1,4,2,337,313,275.915397
64,16,4,4,1,4,4,337,325,275.915397
64,16,4,4,2,4,1,337,307,275.050117
64,16,4,4,2,4,2,337,313,275.050117
64,16,4,4,2,4,4,337,325,275.050117
64,32,1,2,1,4,1,480,404,379.018773
64,32,1,2,1,4,2,480,410,379.018773
64,32,1,2,1,4,4,480,422,379.018773
64,32,1,2,2,4,1,480,404,378.153493
64,32,1,2,2,4,2,480,410,378.153493
64,32,1,2,2,4,4,480,422,378.153493
64,32,1,4,1,4,1,481,406,379.018773
64,32,1,4,1,4,2,481,412,379.018773
64,32,1,4,1,4,4,481,424,379.018773
64,32,1,4,2,4,1,481,406,378.153493
64,32,1,4,2,4,2,481,412,378.153493
64,32,1,4,2,4,4,481,424,378.153493
64,32,2,2,1,4,1,480,404,241.703022
64,32,2,2,1,4,2,480,410,241.703022
64,32,2,2,1,4,4,480,422,241.703022
64,32,2,2,2,4,1,480,404,240.837742
64,32,2,2,2,4,2,480,410,240.837742
64,32,2,2,2,4,4,480,422,240.837742
64,32,2,4,1,4,1,481,406,241.703022
64,32,2,4,1,4,2,481,412,241.703022
64,32,2,4,1,4,4,481,424,241.703022
64,32,2,4,2,4,1,481,406,240.837742
64,32,2,4,2,4,2,481,412,240.837742
64,32,2,4,2,4,4,481,424,240.837742
64,32,3,2,1,4,1,480,404,241.703022
64,32,3,2,1,4,2,480,410,241.703022
64,32,3,2,1,4,4,480,422,241.703022
64,32,3,2,2,4,1,480,404,240.837742
64,32,3,2,2,4,2,480,410,240.837742
64,32,3,2,2,4,4,480,422,240.837742
64,32,3,4,1,4,1,481,406,241.703022
64,32,3,4,1,4,2,481,412,241.703022
64,32,3,4,1,4,4,481,424,241.703022
64,32,3,4,2,4,1,481,406,240.837742
64,32,3,4,2,4,2,481,412,240.837742
64,32,3,4,2,4,4,481,424,240.837742
64,32,4,2,1,4,1,480,404,229.947117
64,32,4,2,1,4,2,480,410,229.947117
64,32,4,2,1,4,4,480,422,229.947117
64,32,4,2,2,4,1,480,404,229.081837
64,32,4,2,2,4,2,480,410,229.081837
64,32,4,2,2,4,4,480,422,229.081837
64,32,4,4,1,4,1,481,406,229.947117
64,32,4,4,1,4,2,481,412,229.947117
64,32,4,4,1,4,4,481,424,229.947117
64,32,4,4,2,4,1,481,406,229.081837
64,32,4,4,2,4,2,481,412,229.081837
64,32,4,4,2,4,4,481,424,229.081837
128,1,1,2,1,4,1,496,35,6842.079635
128,1,1,2,1,4,2,496,41,6842.079635
128,1,1,2,1,4,4,496,53,6842.079635
128,1,1,2,2,4,1,496,35,6841.214355
128,1,1,2,2,4,2,496,41,6841.214355
128,1,1,2,2,4,4,496,53,6841.214355
128,1,1,4,1,4,1,497,37,6842.079635
128,1,1,4,1,4,2,497,43,6842.079635
128,1,1,4,1,4,4,497,55,6842.079635
128,1,1,4,2,4,1,497,37,6841.214355
128,1,1,4,2,4,2,497,43,6841.214355
128,1,1,4,2,4,4,497,55,6841.214355
128,1,2,2,1,4,1,496,35,4029.152093
128,1,2,2,1,4,2,496,41,4029.152093
128,1,2,2,1,4,4,496,53,4029.152093
128,1,2,2,2,4,1,496,35,4028.286813
128,1,2,2,2,4,2,496,41,4028.286813
128,1,2,2,2,4,4,496,53,4028.286813
128,1,2,4,1,4,1,497,37,4029.152093
128,1,2,4,1,4,2,497,43,4029.152093
128,1,2,4,1,4,4,497,55,4029.152093
128,1,2,4,2,4,1,497,37,4028.286813
128,1,2,4,2,4,2,497,43,4028.286813
128,1,2,4,2,4,4,497,55,4028.286813
128,1,3,2,1,4,1,496,35,4029.152093
128,1,3,2,1,4,2,496,41,4029.152093
128,1,3,2,1,4,4,496,53,4029.152093
128,1,3,2,2,4,1,496,35,4028.286813
128,1,3,2,2,4,2,496,41,4028.286813
128,1,3,2,2,4,4,496,53,4028.286813
128,1,3,4,1,4,1,497,37,4029.152093
128,1,3,4,1,4,2,497,43,4029.152093
128,1,3,4,1,4,4,497,55,4029.152093
128,1,3,4,2,4,1,497,37,4028.286813
128,1,3,4,2,4,2,497,43,4028.286813
128,1,3,4,2,4,4,497,55,4028.286813
128,1,4,2,1,4,1,496,35,3579.541187
128,1,4,2,1,4,2,496,41,3579.541187
128,1,4,2,1,4,4,496,53,3579.541187
128,1,4,2,2,4,1,496,35,3578.675907
128,1,4,2,2,4,2,496,41,3578.675907
128,1,4,2,2,4,4,496,53,3578.675907
128,1,4,4,1,4,1,497,37,3579.541187
128,1,4,4,1,4,2,497,43,3579.541187
128,1,4,4,1,4,4,497,55,3579.541187
128,1,4,4,2,4,1,497,37,3578.675907
128,1,4,4,2,4,2,497,43,3578.675907
128,1,4,4,2,4,4,497,55,3578.675907
128,2,1,2,1,4,1,496,53,3472.740755
128,2,1,2,1,4,2,496,59,3472.740755
128,2,1,2,1,4,4,496,71,3472.740755
128,2,1,2,2,4,1,496,53,3471.875475
128,2,1,2,2,4,2,496,59,3471.875475
128,2,1,2,2,4,4,496,71,3471.875475
128,2,1,4,1,4,1,497,55,3472.740755
128,2,1,4,1,4,2,497,61,3472.740755
128,2,1,4,1,4,4,497,73,3472.740755
128,2,1,4,2,4,1,497,55,3471.875475
128,2,1,4,2,4,2,497,61,3471.875475
128,2,1,4,2,4,4,497,73,3471.875475
128,2,2,2,1,4,1,496,53,2050.389853
128,2,2,2,1,4,2,496,59,2050.389853
128,2,2,2,1,4,4,496,71,2050.389853
128,2,2,2,2,4,1,496,53,2049.524573
128,2,2,2,2,4,2,496,59,2049.524573
128,2,2,2,2,4,4,496,71,2049.524573
128,2,2,4,1,4,1,497,55,2050.389853
128,2,2,4,1,4,2,497,61,2050.389853
128,2,2,4,1,4,4,497,73,2050.389853
128,2,2,4,2,4,1,497,55,2049.524573
128,2,2,4,2,4,2,497,61,2049.524573
128,2,2,4,2,4,4,497,73,2049.524573
128,2,3,2,1,4,1,496,53,2050.389853
128,2,3,2,1,4,2,496,59,2050.389853
128,2,3,2,1,4,4,496,71,2050.389853
128,2,3,2,2,4,1,496,53,2049.524573
128,2,3,2,2,4,2,496,59,2049.524573
128,2,3,2,2,4,4,496,71,2049.524573
128,2,3,4,1,4,1,497,55,2050.389853
128,2,3,4,1,4,2,497,61,2050.389853
128,2,3,4,1,4,4,497,73,2050.389853
128,2,3,4,2,4,1,497,55,2049.524573
128,2,3,4,2,4,2,497,61,2049.524573
128,2,3,4,2,4,4,497,73,2049.524573
128,2,4,2,1,4,1,496,53,1824.960707
128,2,4,2,1,4,2,496,59,1824.960707
128,2,4,2,1,4,4,496,71,1824.960707
128,2,4,2,2,4,1,496,53,1824.095427
128,2,4,2,2,4,2,496,59,1824.095427
128,2,4,2,2,4,4,496,71,1824.095427
128,2,4,4,1,4,1,497,55,1824.960707
128,2,4,4,1,4,2,497,61,1824.960707
128,2,4,4,1,4,4,497,73,1824.960707
128,2,4,4,2,4,1,497,55,1824.095427
128,2,4,4,2,4,2,497,61,1824.095427
128,2,4,4,2,4,4,497,73,1824.095427
128,4,1,2,1,4,1,496,89,1788.071315
128,4,1,2,1,4,2,496,95,1788.071315
128,4,1,2,1,4,4,496,107,1788.071315
128,4,1,2,2,4,1,496,89,1787.206035
128,4,1,2,2,4,2,496,95,1787.206035
128,4,1,2,2,4,4,496,107,1787.206035
128,4,1,4,1,4,1,497,91,1788.071315
128,4,1,4,1,4,2,497,97,1788.071315
128,4,1,4,1,4,4,497,109,1788.071315
128,4,1,4,2,4,1,497,91,1787.206035
128,4,1,4,2,4,2,497,97,1787.206035
128,4,1,4,2,4,4,497,109,1787.206035
128,4,2,2,1,4,1,496,89,1061.008733
128,4,2,2,1,4,2,496,95,1061.008733
128,4,2,2,1,4,4,496,107,1061.008733
128,4,2,2,2,4,1,496,89,1060.143453
128,4,2,2,2,4,2,496,95,1060.143453
128,4,2,2,2,4,4,496,107,1060.143453
128,4,2,4,1,4,1,497,91,1061.008733
128,4,2,4,1,4,2,497,97,1061.008733
128,4,2,4,1,4,4,497,109,1061.008733
128,4,2,4,2,4,1,497,91,1060.143453
128,4,2,4,2,4,2,497,97,1060.143453
128,4,2,4,2,4,4,497,109,1060.143453
128,4,3,2,1,4,1,496,89,1061.008733
128,4,3,2,1,4,2,496,95,1061.008733
128,4,3,2,1,4,4,496,107,1061.008733
128,4,3,2,2,4,1,496,89,1060.143453
128,4,3,2,2,4,2,496,95,1060.143453
128,4,3,2,2,4,4,496,107,1060.143453
128,4,3,4,1,4,1,497,91,1061.008733
128,4,3,4,1,4,2,497,97,1061.008733
128,4,3,4,1,4,4,497,109,1061.008733
128,4,3,4,2,4,1,497,91,1060.143453
128,4,3,4,2,4,2,497,97,1060.143453
128,4,3,4,2,4,4,497,109,1060.143453
128,4,4,2,1,4,1,496,89,947.670467
128,4,4,2,1,4,2,496,95,947.670467
128,4,4,2,1,4,4,496,107,947.670467
128,4,4,2,2,4,1,496,89,946.805187
128,4,4,2,2,4,2,496,95,946.805187
128,4,4,2,2,4,4,496,107,946.805187
128,4,4,4,1,4,1,497,91,947.670467
128,4,4,4,1,4,2,497,97,947.670467
128,4,4,4,1,4,4,497,109,947.670467
128,4,4,4,2,4,1,497,91,946.805187
128,4,4,4,2,4,2,497,97,946.805187
128,4,4,4,2,4,4,497,109,946.805187
128,8,1,2,1,4,1,496,161,945.736595
128,8,1,2,1,4,2,496,167,945.736595
128,8,1,2,1,4,4,496,179,945.736595
128,8,1,2,2,4,1,496,161,944.871315
128,8,1,2,2,4,2,496,167,944.871315
128,8,1,2,2,4,4,496,179,944.871315
128,8,1,4,1,4,1,497,163,945.736595
128,8,1,4,1,4,2,497,169,945.736595
128,8,1,4,1,4,4,497,181,945.736595
128,8,1,4,2,4,1,497,163,944.871315
128,8,1,4,2,4,2,497,169,944.871315
128,8,1,4,2,4,4,497,181,944.871315
128,8,2,2,1,4,1,496,161,566.318173
128,8,2,2,1,4,2,496,167,566.318173
128,8,2,2,1,4,4,496,179,566.318173
128,8,2,2,2,4,1,496,161,565.452893
128,8,2,2,2,4,2,496,167,565.452893
128,8,2,2,2,4,4,496,179,565.452893
128,8,2,4,1,4,1,497,163,566.318173
128,8,2,4,1,4,2,497,169,566.318173
128,8,2,4,1,4,4,497,181,566.318173
128,8,2,4,2,4,1,497,163,565.452893
128,8,2,4,2,4,2,497,169,565.452893
128,8,2,4,2,4,4,497,181,565.452893
128,8,3,2,1,4,1,496,161,566.318173
128,8,3,2,1,4,2,496,167,566.318173
128,8,3,2,1,4,4,496,179,566.318173
128,8,3,2,2,4,1,496,161,565.452893
128,8,3,2,2,4,2,496,167,565.452893
128,8,3,2,2,4,4,496,179,565.452893
128,8,3,4,1,4,1,497,163,566.318173
128,8,3,4,1,4,2,497,169,566.318173
128,8,3,4,1,4,4,497,181,566.318173
128,8,3,4,2,4,1,497,163,565.452893
128,8,3,4,2,4,2,497,169,565.452893
128,8,3,4,2,4,4,497,181,565.452893
128,8,4,2,1,4,1,496,161,509.025347
128,8,4,2,1,4,2,496,167,509.025347
128,8,4,2,1,4,4,496,179,509.025347
128,8,4,2,2,4,1,496,161,508.160067
128,8,4,2,2,4,2,496,167,508.160067
128,8,4,2,2,4,4,496,179,508.160067
128,8,4,4,1,4,1,497,163,509.025347
128,8,4,4,1,4,2,497,169,509.025347
128,8,4,4,1,4,4,497,181,509.025347
128,8,4,4,2,4,1,497,163,508.160067
128,8,4,4,2,4,2,497,169,508.160067
128,8,4,4,2,4,4,497,181,508.160067
128,16,1,2,1,4,1,496,305,524.569235
128,16,1,2,1,4,2,496,311,524.569235
128,16,1,2,1,4,4,496,323,524.569235
128,16,1,2,2,4,1,496,305,523.703955
128,16,1,2,2,4,2,496,311,523.703955
128,16,1,2,2,4,4,496,323,523.703955
128,16,1,4,1,4,1,497,307,524.569235
128,16,1,4,1,4,2,497,313,524.569235
128,16,1,4,1,4,4,497,325,524.569235
128,16,1,4,2,4,1,497,307,523.703955
128,16,1,4,2,4,2,497,313,523.703955
128,16,1,4,2,4,4,497,325,523.703955
128,16,2,2,1,4,1,496,305,318.972893
128,16,2,2,1,4,2,496,311,318.972893
128,16,2,2,1,4,4,496,323,318.972893
128,16,2,2,2,4,1,496,305,318.107613
128,16,2,2,2,4,2,496,311,318.107613
128,16,2,2,2,4,4,496,323,318.107613
128,16,2,4,1,4,1,497,307,318.972893
128,16,2,4,1,4,2,497,313,318.972893
128,16,2,4,1,4,4,497,325,318.972893
128,16,2,4,2,4,1,497,307,318.107613
128,16,2,4,2,4,2,497,313,318.107613
128,16,2,4,2,4,4,497,325,318.107613
128,16,3,2,1,4,1,496,305,318.972893
128,16,3,2,1,4,2,496,311,318.972893
128,16,3,2,1,4,4,496,323,318.972893
128,16,3,2,2,4,1,496,305,318.107613
128,16,3,2,2,4,2,496,311,318.107613
128,16,3,2,2,4,4,496,323,318.107613
128,16,3,4,1,4,1,497,307,318.972893
128,16,3,4,1,4,2,497,313,318.972893
128,16,3,4,1,4,4,497,325,318.972893
128,16,3,4,2,4,1,497,307,318.107613
128,16,3,4,2,4,2,497,313,318.107613
128,16,3,4,2,4,4,497,325,318.107613
128,16,4,2,1,4,1,496,305,289.702787
128,16,4,2,1,4,2,496,311,289.702787
128,16,4,2,1,4,4,496,323,289.702787
128,16,4,2,2,4,1,496,305,288.837507
128,16,4,2,2,4,2,496,311,288.837507
128,16,4,2,2,4,4,496,323,288.837507
128,16,4,4,1,4,1,497,307,289.702787
128,16,4,4,1,4,2,497,313,289.702787
128,16,4,4,1,4,4,497,325,289.702787
128,16,4,4,2,4,1,497,307,288.837507
128,16,4,4,2,4,2,497,313,288.837507
128,16,4,4,2,4,4,497,325,288.837507
128,32,1,2,1,4,1,640,593,313.985555
128,32,1,2,1,4,2,640,599,313.985555
128,32,1,2,1,4,4,640,611,313.985555
128,32,1,2,2,4,1,640,593,313.120275
128,32,1,2,2,4,2,640,599,313.120275
128,32,1,2,2,4,4,640,611,313.120275
128,32,1,4,1,4,1,641,595,313.985555
128,32,1,4,1,4,2,641,601,313.985555
128,32,1,4,1,4,4,641,613,313.985555
128,32,1,4,2,4,1,641,595,313.120275
128,32,1,4,2,4,2,641,601,313.120275
128,32,1,4,2,4,4,641,613,313.120275
128,32,2,2,1,4,1,640,593,195.300253
128,32,2,2,1,4,2,640,599,195.300253
128,32,2,2,1,4,4,640,611,195.300253
128,32,2,2,2,4,1,640,593,194.434973
128,32,2,2,2,4,2,640,599,194.434973
128,32,2,2,2,4,4,640,611,194.434973
128,32,2,4,1,4,1,641,595,195.300253
128,32,2,4,1,4,2,641,601,195.300253
128,32,2,4,1,4,4,641,613,195.300253
128,32,2,4,2,4,1,641,595,194.434973
128,32,2,4,2,4,2,641,601,194.434973
128,32,2,4,2,4,4,641,613,194.434973
128,32,3,2,1,4,1,640,593,195.300253
128,32,3,2,1,4,2,640,599,195.300253
128,32,3,2,1,4,4,640,611,195.300253
128,32,3,2,2,4,1,640,593,194.434973
128,32,3,2,2,4,2,640,599,194.434973
128,32,3,2,2,4,4,640,611,194.434973
128,32,3,4,1,4,1,641,595,195.300253
128,32,3,4,1,4,2,641,601,195.300253
128,32,3,4,1,4,4,641,613,195.300253
128,32,3,4,2,4,1,641,595,194.434973
128,32,3,4,2,4,2,641,601,194.434973
128,32,3,4,2,4,4,641,613,194.434973
128,32,4,2,1,4,1,640,593,180.041507
128,32,4,2,1,4,2,640,599,180.041507
128,32,4,2,1,4,4,640,611,180.041507
128,32,4,2,2,4,1,640,593,179.176227
128,32,4,2,2,4,2,640,599,179.176227
128,32,4,2,2,4,4,640,611,179.176227
128,32,4,4,1,4,1,641,595,180.041507
128,32,4,4,1,4,2,641,601,180.041507
128,32,4,4,1,4,4,641,613,180.041507
128,32,4,4,2,4,1,641,595,179.176227
128,32,4,4,2,4,2,641,601,179.176227
128,32,4,4,2,4,4,641,613,179.176227
128,64,1,2,1,4,1,928,791,261.339635
128,64,1,2,1,4,2,928,797,261.339635
128,64,1,2,1,4,4,928,809,261.339635
128,64,1,2,2,4,1,928,791,260.474355
128,64,1,2,2,4,2,928,797,260.474355
128,64,1,2,2,4,4,928,809,260.474355
128,64,1,4,1,4,1,929,793,261.339635
128,64,1,4,1,4,2,929,799,261.339635
128,64,1,4,1,4,4,929,811,261.339635
128,64,1,4,2,4,1,929,793,260.474355
128,64,1,4,2,4,2,929,799,260.474355
128,64,1,4,2,4,4,929,811,260.474355
128,64,2,2,1,4,1,928,791,164.382093
128,64,2,2,1,4,2,928,797,164.382093
128,64,2,2,1,4,4,928,809,164.382093
128,64,2,2,2,4,1,928,791,163.516813
128,64,2,2,2,4,2,928,797,163.516813
128,64,2,2,2,4,4,928,809,163.516813
128,64,2,4,1,4,1,929,793,164.382093
128,64,2,4,1,4,2,929,799,164.382093
128,64,2,4,1,4,4,929,811,164.382093
128,64,2,4,2,4,1,929,793,163.516813
128,64,2,4,2,4,2,929,799,163.516813
128,64,2,4,2,4,4,929,811,163.516813
128,64,3,2,1,4,1,928,791,164.382093
128,64,3,2,1,4,2,928,797,164.382093
128,64,3,2,1,4,4,928,809,164.382093
128,64,3,2,2,4,1,928,791,163.516813
128,64,3,2,2,4,2,928,797,163.516813
128,64,3,2,2,4,4,928,809,163.516813
128,64,3,4,1,4,1,929,793,164.382093
128,64,3,4,1,4,2,929,799,164.382093
128,64,3,4,1,4,4,929,811,164.382093
128,64,3,4,2,4,1,929,793,163.516813
128,64,3,4,2,4,2,929,799,163.516813
128,64,3,4,2,4,4,929,811,163.516813
128,64,4,2,1,4,1,928,791,152.626187
128,64,4,2,1,4,2,928,797,152.626187
128,64,4,2,1,4,4,928,809,152.626187
128,64,4,2,2,4,1,928,791,151.760907
128,64,4,2,2,4,2,928,797,151.760907
128,64,4,2,2,4,4,928,809,151.760907
128,64,4,4,1,4,1,929,793,152.626187
128,64,4,4,1,4,2,929,799,152.626187
128,64,4,4,1,4,4,929,811,152.626187
128,64,4,4,2,4,1,929,793,151.760907
128,64,4,4,2,4,2,929,799,151.760907
128,64,4,4,2,4,4,929,811,151.760907
